{
    "name": [
        "L500",
        "L750",
        "L1000"
    ],
    "seed": 84,
    "opt": 0,
    "dataset": {
        "L500": {
            "n_graphs": 8200,
            "n1_scale": [500, 500],
            "n2_mul_scale": [1.0, 1.0],
            "sim_scale": [-2, 2],
            "test_frac": 0.024390243902439
        },
        "L750": {
            "n_graphs": 4100,
            "n1_scale": [750, 750],
            "n2_mul_scale": [1.0, 1.0],
            "sim_scale": [-2, 2],
            "test_frac": 0.024390243902439
        },
        "L1000": {
            "n_graphs": 2050,
            "n1_scale": [1000, 1000],
            "n2_mul_scale": [1.0, 1.0],
            "sim_scale": [-2, 2],
            "test_frac": 0.024390243902439
        }
    }
}